period,revenue,gross_profit,operating_income,net_income,total_assets,current_assets,inventory,cash,total_liabilities,current_liabilities,equity,operating_cash_flow,interest_expense,cost_of_goods_sold,accounts_receivable

2022,1000000,400000,150000,100000,2000000,500000,100000,50000,1200000,400000,800000,180000,20000,600000,150000

2023,1200000,500000,200000,140000,2200000,600000,120000,80000,1300000,450000,900000,220000,25000,700000,180000

2024,1500000,650000,280000,200000,2500000,800000,150000,120000,1400000,500000,1100000,300000,30000,850000,220000

2025,1800000,800000,350000,250000,3000000,1000000,200000,150000,1600000,600000,1400000,400000,35000,1000000,280000

