ticker,year,period_end,gross_margin,operating_margin,net_margin,current_ratio,cash_ratio,quick_ratio,liabilities_to_assets,cfo_margin,fcf_margin,cfo_to_liabilities,revenue_growth
KO,2022,2022-12-31,0.5814342851827737,0.2536740768300623,0.2218863361547763,1.1453559115798013,0.4826100182518759,0.9307442709389576,0.7215915828509212,0.25620872476978884,0.22170030694819087,0.16460253671362624,
KO,2023,2023-12-31,0.5952266468505486,0.24721335839489444,0.23416531887922368,1.1341054685842773,0.39735267913962075,0.9464172075855924,0.7187394450528642,0.25350789002054464,0.2130305547055995,0.16517380345470858,0.06394753976374301
KO,2024,2024-12-31,0.6106330082233696,0.21232018019166612,0.22589830220352308,1.0296249356410154,0.42884866727395143,0.8423699948512813,0.73771991765209,0.144599562270245,0.10074159070143006,0.09174002723216092,0.028565808453905772
PEP,2022,2022-12-31,0.5303268821187147,0.13325307898879526,0.10313454949532364,0.8041441105096135,0.18495426544707858,0.6091842449131977,0.8126308481673121,0.12513890175016204,0.0648671173256783,0.14431214459246602,
PEP,2023,2023-12-30,0.5421390386023985,0.1310360660755868,0.09920083961036831,0.851581508515815,0.30685373021139445,0.6830347268303473,0.8145479874620628,0.14695367930819603,0.086628548939008,0.16421119499621295,0.05879016575608853
PEP,2024,2024-12-28,0.5455396607659982,0.1402987349489407,0.10427417423302197,0.8189370877727042,0.2696917808219178,0.6506849315068494,0.8173162958569173,0.13616173492716702,0.07826550830666057,0.15384520763629206,0.0041871194148965785
KDP,2022,2022-12-31,0.5209504161627658,0.1853169239524792,0.10215550971046454,0.4710252600297177,0.06624566617137197,0.3083209509658247,0.5153075988193762,0.20182115671907236,0.1767091128974888,0.10620694818808027,
KDP,2023,2023-12-31,0.5454299986499257,0.21547185095180235,0.14722559740785743,0.3785329744279946,0.029946164199192462,0.25044863167339615,0.5074621139459045,0.08971243418388011,0.06102335628459565,0.050238149240190516,0.05385217329444414
KDP,2024,2024-12-31,0.5555989837795583,0.16878379258680215,0.09387010618200768,0.4942500309138123,0.0630641770743168,0.3336218622480524,0.5462661426165076,0.14455084359325127,0.10787570842290405,0.07602699832117038,0.03624949372215469
